{
  "version": 1,
  "license": "CC-BY-SA-3.0",
  "copyright": "By Sha-Seng",
  "size": {
    "x": 32,
    "y": 32
  },
  "states": [
    {
      "name": "icon"
    },
    {
      "name": "icon-flipped"
    },
    {
      "name": "equipped-HAND",
      "directions": 4
    },
    {
      "name": "flipped-equipped-HAND",
      "directions": 4
    },
    {
      "name": "inhand-left",
      "directions": 4
    },
    {
      "name": "inhand-right",
      "directions": 4
    }
  ]
}
