{
  "version": 1,
  "license": "CC-BY-SA-3.0",
  "copyright": "By Sha-Seng (GitHub)",
  "size": {
    "x": 32,
    "y": 32
  },
  "states": [
    {
      "name": "icon"
    },
    {
      "name": "equipped-BELT",
      "directions": 4
    },
	  {
      "name": "body-overlay-2",
      "directions": 4
    },
	  {
      "name": "body-overlay-4",
      "directions": 4
    },
    {
      "name": "inhand-left",
      "directions": 4
    },
    {
      "name": "inhand-right",
      "directions": 4
    }
  ]
}
